<?xml version="1.0"?>
<doc>
    <assembly>
        <name>Gu.Wpf.Media</name>
    </assembly>
    <members>
        <member name="T:Gu.Wpf.Media.Drag">
            <summary>
            Exposes attached properties that can be useful when controlling a player with a slider.
            </summary>
        </member>
        <member name="F:Gu.Wpf.Media.Drag.PauseWhileDraggingProperty">
            <summary>
            This is an attached property.
            Setting this to {Binding ElementName=SomeMediaElementWrapper} will pause playback when the slider controlling postion is dragged.
            </summary>
        </member>
        <member name="M:Gu.Wpf.Media.Drag.SetPauseWhileDragging(System.Windows.Controls.Slider,Gu.Wpf.Media.MediaElementWrapper)">
            <summary>
            Set the <paramref name="value"/> for which playback will be paused while <paramref name="element"/> is dragging.
            </summary>
            <param name="element">A slider controlling position of <paramref name="value"/></param>
            <param name="value">A <see cref="T:Gu.Wpf.Media.MediaElementWrapper"/></param>
        </member>
        <member name="M:Gu.Wpf.Media.Drag.GetPauseWhileDragging(System.Windows.Controls.Slider)">
            <summary>
            Get the <see cref="T:Gu.Wpf.Media.MediaElementWrapper"/> for which playback will be paused while <paramref name="element"/> is dragging.
            </summary>
            <param name="element">A slider controlling position of a <see cref="T:Gu.Wpf.Media.MediaElementWrapper"/></param>
            <returns>The <see cref="T:Gu.Wpf.Media.MediaElementWrapper"/></returns>
        </member>
        <member name="T:Gu.Wpf.Media.Commands">
            <summary>
            A set of commands
            </summary>
        </member>
        <member name="P:Gu.Wpf.Media.Commands.ToggleFullScreen">
            <summary>
            Toggle full screen command.
            </summary>
        </member>
        <member name="P:Gu.Wpf.Media.Commands.BeginFullScreen">
            <summary>
            Go to full screen command.
            </summary>
        </member>
        <member name="P:Gu.Wpf.Media.Commands.EndFullScreen">
            <summary>
            End full screen command.
            </summary>
        </member>
        <member name="P:Gu.Wpf.Media.Commands.ToggleMute">
            <summary>
            Toggle sound on and off.
            </summary>
        </member>
        <member name="P:Gu.Wpf.Media.Commands.UnmuteVolume">
            <summary>
            Turn sound on.
            </summary>
        </member>
        <member name="P:Gu.Wpf.Media.Commands.Skip">
            <summary>
            Change current position.
            </summary>
        </member>
        <member name="P:Gu.Wpf.Media.Commands.SkipForward">
            <summary>
            Change current position.
            </summary>
        </member>
        <member name="P:Gu.Wpf.Media.Commands.SkipBack">
            <summary>
            Change current position.
            </summary>
        </member>
        <member name="T:Gu.Wpf.Media.TimeSpanToStringConverter">
            <inheritdoc />
        </member>
        <member name="F:Gu.Wpf.Media.TimeSpanToStringConverter.Default">
            <summary>
            The default instance used like Converter="{x:Static TimeSpanToStringConverter.Default}"
            </summary>
        </member>
        <member name="P:Gu.Wpf.Media.TimeSpanToStringConverter.NullString">
            <summary>
            The string to return when the value is null.
            </summary>
        </member>
        <member name="M:Gu.Wpf.Media.TimeSpanToStringConverter.ProvideValue(System.IServiceProvider)">
            <inheritdoc />
        </member>
        <member name="M:Gu.Wpf.Media.TimeSpanToStringConverter.Convert(System.Object,System.Type,System.Object,System.Globalization.CultureInfo)">
            <inheritdoc/>
        </member>
        <member name="M:Gu.Wpf.Media.TimeSpanToStringConverter.ConvertBack(System.Object,System.Type,System.Object,System.Globalization.CultureInfo)">
            <inheritdoc/>
        </member>
        <member name="T:Gu.Wpf.Media.FileFormats">
            <summary>
            Helper for creating filter for <see cref="T:Microsoft.Win32.OpenFileDialog"/>
            </summary>
        </member>
        <member name="P:Gu.Wpf.Media.FileFormats.DefaultVideoFormats">
            <summary>
            A filter string with some common video formats.
            https://support.microsoft.com/en-us/kb/316992
            </summary>
        </member>
        <member name="P:Gu.Wpf.Media.FileFormats.DefaultAudioFormats">
            <summary>
            A filter string with some common audio formats.
            https://support.microsoft.com/en-us/kb/316992
            </summary>
        </member>
        <member name="T:Gu.Wpf.Media.Icon">
            <summary>
            Defines attached properties for setting geometry on buttons.
            </summary>
        </member>
        <member name="F:Gu.Wpf.Media.Icon.GeometryProperty">
            <summary>
            This is an attached property.
            By setting a geometry on a button it can then be rendered using a style that uses the geometry in the control template.
            </summary>
        </member>
        <member name="M:Gu.Wpf.Media.Icon.SetGeometry(System.Windows.Controls.Primitives.ButtonBase,System.Windows.Media.Geometry)">
            <summary>
            Set a <see cref="T:System.Windows.Media.Geometry"/> that can be used in the <see cref="T:System.Windows.Controls.ControlTemplate"/>
            </summary>
            <param name="element">The button.</param>
            <param name="value">The icon geometry.</param>
        </member>
        <member name="M:Gu.Wpf.Media.Icon.GetGeometry(System.Windows.Controls.Primitives.ButtonBase)">
            <summary>
            Set a <see cref="T:System.Windows.Media.Geometry"/> that can be used in the <see cref="T:System.Windows.Controls.ControlTemplate"/>
            </summary>
            <param name="element">The button.</param>
            <returns>The icon geometry.</returns>
        </member>
        <member name="P:Gu.Wpf.Media.Is.InDesignMode">
            <summary>
            Determines whether the current code is executed in a design time environment such as Visual Studio or Blend.
            </summary>
        </member>
        <member name="T:Gu.Wpf.Media.MediaElementWrapper">
            <summary>
            A wrapper for <see cref="T:System.Windows.Controls.MediaElement"/> which provides a more sane API for usage from xaml.
            </summary>
        </member>
        <member name="M:Gu.Wpf.Media.MediaElementWrapper.#ctor">
            <summary>Initializes a new instance of the <see cref="T:Gu.Wpf.Media.MediaElementWrapper"/> class.</summary>
        </member>
        <member name="M:Gu.Wpf.Media.MediaElementWrapper.BeginInit">
            <inheritdoc/>
        </member>
        <member name="M:Gu.Wpf.Media.MediaElementWrapper.CanPlay">
            <summary>
            Check if playback of current media, if any, can be started.
            </summary>
            <returns>True if media can be started.</returns>
        </member>
        <member name="M:Gu.Wpf.Media.MediaElementWrapper.Play">
            <summary>
            Sets <see cref="P:Gu.Wpf.Media.MediaElementWrapper.State"/> to <see cref="F:Gu.Wpf.Media.MediaState.Play"/>
            </summary>
        </member>
        <member name="M:Gu.Wpf.Media.MediaElementWrapper.CanPausePlayback">
            <summary>
            Check if current playback, if any, can be paused.
            </summary>
            <returns>True if media can be paused.</returns>
        </member>
        <member name="M:Gu.Wpf.Media.MediaElementWrapper.PausePlayback">
            <summary>
            Sets <see cref="P:Gu.Wpf.Media.MediaElementWrapper.State"/> to <see cref="F:Gu.Wpf.Media.MediaState.Pause"/>
            </summary>
        </member>
        <member name="M:Gu.Wpf.Media.MediaElementWrapper.TogglePlayPause">
            <summary>
            Toggles between <see cref="F:Gu.Wpf.Media.MediaState.Play"/> and <see cref="F:Gu.Wpf.Media.MediaState.Pause"/>
            Does nothing if no media is loaded.
            </summary>
        </member>
        <member name="M:Gu.Wpf.Media.MediaElementWrapper.CanStop">
            <summary>
            Check if current playback, if any, can be stopped.
            </summary>
            <returns>True if media can be stopped.</returns>
        </member>
        <member name="M:Gu.Wpf.Media.MediaElementWrapper.Stop">
            <summary>
            Sets <see cref="P:Gu.Wpf.Media.MediaElementWrapper.State"/> to <see cref="F:Gu.Wpf.Media.MediaState.Pause"/>
            </summary>
        </member>
        <member name="M:Gu.Wpf.Media.MediaElementWrapper.CanRewind">
            <summary>
            Check if current playback, if any, can be rewound.
            </summary>
            <returns>True if media can be rewound.</returns>
        </member>
        <member name="M:Gu.Wpf.Media.MediaElementWrapper.Rewind">
            <summary>
            Sets <see cref="P:Gu.Wpf.Media.MediaElementWrapper.Position"/> to <see cref="F:System.TimeSpan.Zero"/>
            </summary>
        </member>
        <member name="M:Gu.Wpf.Media.MediaElementWrapper.CanDecreaseVolume(System.Object)">
            <summary>
            Check if <see cref="P:Gu.Wpf.Media.MediaElementWrapper.Volume"/> can be decreased.
            </summary>
            <param name="parameter">The command parameter</param>
            <returns>True if <see cref="P:Gu.Wpf.Media.MediaElementWrapper.Volume"/> can be decreased.</returns>
        </member>
        <member name="M:Gu.Wpf.Media.MediaElementWrapper.DecreaseVolume(System.Object)">
            <summary>
            <see cref="P:Gu.Wpf.Media.MediaElementWrapper.Volume"/> is a value between 0 and 1.
            Decreases <see cref="P:Gu.Wpf.Media.MediaElementWrapper.Volume"/> by <paramref name="parameter"/>
            Truncates to between 0 and 1 if overflow.
            </summary>
            <param name="parameter">
            The command parameter
            A value between 0 and 1. Typical value is 0.05.
            If null <see cref="P:Gu.Wpf.Media.MediaElementWrapper.VolumeIncrement"/> is used.
            </param>
        </member>
        <member name="M:Gu.Wpf.Media.MediaElementWrapper.DecreaseVolume(System.Double)">
            <summary>
            <see cref="P:Gu.Wpf.Media.MediaElementWrapper.Volume"/> is a value between 0 and 1.
            Decreases <see cref="P:Gu.Wpf.Media.MediaElementWrapper.Volume"/> by <paramref name="increment"/>
            Truncates to between 0 and 1 if overflow.
            </summary>
            <param name="increment">
            A value between 0 and 1. Typical value is 0.05.
            </param>
        </member>
        <member name="M:Gu.Wpf.Media.MediaElementWrapper.CanIncreaseVolume(System.Object)">
            <summary>
            Check if <see cref="P:Gu.Wpf.Media.MediaElementWrapper.Volume"/> can be increased.
            </summary>
            <param name="parameter">The command parameter</param>
            <returns>True if <see cref="P:Gu.Wpf.Media.MediaElementWrapper.Volume"/> can be increased.</returns>
        </member>
        <member name="M:Gu.Wpf.Media.MediaElementWrapper.IncreaseVolume(System.Object)">
            <summary>
            <see cref="P:Gu.Wpf.Media.MediaElementWrapper.Volume"/> is a value between 0 and 1.
            Increases <see cref="P:Gu.Wpf.Media.MediaElementWrapper.Volume"/> by <paramref name="parameter"/>
            Truncates to between 0 and 1 if overflow.
            </summary>
            <param name="parameter">
            A value between 0 and 1. Typical value is 0.05.
            If null <see cref="P:Gu.Wpf.Media.MediaElementWrapper.VolumeIncrement"/> is used.
            </param>
        </member>
        <member name="M:Gu.Wpf.Media.MediaElementWrapper.IncreaseVolume(System.Double)">
            <summary>
            <see cref="P:Gu.Wpf.Media.MediaElementWrapper.Volume"/> is a value between 0 and 1.
            Increases <see cref="P:Gu.Wpf.Media.MediaElementWrapper.Volume"/> by <paramref name="increment"/>
            Truncates to between 0 and 1 if overflow.
            </summary>
            <param name="increment">
            A value between 0 and 1. Typical value is 0.05.
            </param>
        </member>
        <member name="M:Gu.Wpf.Media.MediaElementWrapper.CanMuteVolume">
            <summary>
            Checks if audio can be muted.
            </summary>
            <returns>True if audio can be muted.</returns>
        </member>
        <member name="M:Gu.Wpf.Media.MediaElementWrapper.MuteVolume">
            <summary>
            Sets IsMuted = true
            </summary>
        </member>
        <member name="M:Gu.Wpf.Media.MediaElementWrapper.CanUnmuteVolume">
            <summary>
            Checks if audio can be turned on.
            Resturns false if volume is zero.
            </summary>
            <returns>True if audio can be muted.</returns>
        </member>
        <member name="M:Gu.Wpf.Media.MediaElementWrapper.UnmuteVolume">
            <summary>
            Turns sound on by setting IsMuted = false
            </summary>
        </member>
        <member name="M:Gu.Wpf.Media.MediaElementWrapper.CanToggleMute">
            <summary>
            Checks if sound can be muted.
            </summary>
            <returns>True if sound can be muted.</returns>
        </member>
        <member name="M:Gu.Wpf.Media.MediaElementWrapper.ToggleMute">
            <summary>
            Sets IsMuted = !Muted
            </summary>
        </member>
        <member name="M:Gu.Wpf.Media.MediaElementWrapper.CanSkip(System.Object)">
            <summary>
            Check if skip can be performed.
            </summary>
            <param name="parameter">The command parameter</param>
            <returns>True if <see cref="P:Gu.Wpf.Media.MediaElementWrapper.Length"/> is not null</returns>
        </member>
        <member name="M:Gu.Wpf.Media.MediaElementWrapper.Skip(System.Object)">
            <summary>
            Changes current position by <paramref name="parameter"/>
            </summary>
            <param name="parameter">
            If null <see cref="P:Gu.Wpf.Media.MediaElementWrapper.SkipIncrement"/> is used.
            If a <see cref="T:System.TimeSpan"/> it is used.
            If an <see cref="T:System.Int32"/> it is <see cref="P:Gu.Wpf.Media.MediaElementWrapper.SkipIncrement"/> is multiplied by this.
            If a <see cref="T:System.Double"/> position is skippedthis amount of seconds.
             If else no skip is performed.
            Negative values are allowed.
            </param>
        </member>
        <member name="M:Gu.Wpf.Media.MediaElementWrapper.CanSkipBack(System.Object)">
            <summary>
            Check if skip can be performed.
            </summary>
            <param name="parameter">The command parameter</param>
            <returns>True if <see cref="P:Gu.Wpf.Media.MediaElementWrapper.Length"/> is not null</returns>
        </member>
        <member name="M:Gu.Wpf.Media.MediaElementWrapper.SkipBack(System.Object)">
            <summary>
            Changes current position by <paramref name="parameter"/>
            </summary>
            <param name="parameter">
            If null <see cref="P:Gu.Wpf.Media.MediaElementWrapper.SkipIncrement"/> is used.
            If a <see cref="T:System.TimeSpan"/> it is used.
            If an <see cref="T:System.Int32"/> it is <see cref="P:Gu.Wpf.Media.MediaElementWrapper.SkipIncrement"/> is multiplied by this.
            If a <see cref="T:System.Double"/> position is skippedthis amount of seconds.
             If else no skip is performed.
            Negative values are allowed.
            </param>
        </member>
        <member name="M:Gu.Wpf.Media.MediaElementWrapper.CanSkipForward(System.Object)">
            <summary>
            Check if skip can be performed.
            </summary>
            <param name="parameter">The command parameter</param>
            <returns>True if <see cref="P:Gu.Wpf.Media.MediaElementWrapper.Length"/> is not null</returns>
        </member>
        <member name="M:Gu.Wpf.Media.MediaElementWrapper.SkipForward(System.Object)">
            <summary>
            Changes current position by <paramref name="parameter"/>
            </summary>
            <param name="parameter">
            If null <see cref="P:Gu.Wpf.Media.MediaElementWrapper.SkipIncrement"/> is used.
            If a <see cref="T:System.TimeSpan"/> it is used.
            If an <see cref="T:System.Int32"/> it is <see cref="P:Gu.Wpf.Media.MediaElementWrapper.SkipIncrement"/> is multiplied by this.
            If a <see cref="T:System.Double"/> position is skippedthis amount of seconds.
             If else no skip is performed.
            Negative values are allowed.
            </param>
        </member>
        <member name="M:Gu.Wpf.Media.MediaElementWrapper.Break">
            <summary>
            Pauses the player without changing the <see cref="P:Gu.Wpf.Media.MediaElementWrapper.State"/> and <see cref="P:Gu.Wpf.Media.MediaElementWrapper.IsPlaying"/> properties.
            </summary>
        </member>
        <member name="M:Gu.Wpf.Media.MediaElementWrapper.Resume">
            <summary>
            Resumes playing without changing the <see cref="P:Gu.Wpf.Media.MediaElementWrapper.State"/> and <see cref="P:Gu.Wpf.Media.MediaElementWrapper.IsPlaying"/> properties.
            </summary>
        </member>
        <member name="M:Gu.Wpf.Media.MediaElementWrapper.Skip(System.TimeSpan)">
            <summary>
            Skips <paramref name="time"/> from <see cref="P:Gu.Wpf.Media.MediaElementWrapper.Position"/>
            Guaranteed to be within 0 and <see cref="P:Gu.Wpf.Media.MediaElementWrapper.Length"/> after.
            </summary>
            <param name="time">The amount of time to skip, can be negative.</param>
        </member>
        <member name="M:Gu.Wpf.Media.MediaElementWrapper.OnSourceChanged(System.Uri)">
            <summary>
            This is invoked when <see cref="P:Gu.Wpf.Media.MediaElementWrapper.Source"/> changes.
            </summary>
            <param name="source">The new source.</param>
        </member>
        <member name="F:Gu.Wpf.Media.MediaElementWrapper.StateProperty">
            <summary>
            Identifies the <see cref="P:Gu.Wpf.Media.MediaElementWrapper.State" /> dependency property.
            </summary>
            <returns>
            The identifier for the <see cref="P:Gu.Wpf.Media.MediaElementWrapper.State" /> dependency property.
            </returns>
        </member>
        <member name="F:Gu.Wpf.Media.MediaElementWrapper.IsPlayingProperty">
            <summary>
            Identifies the <see cref="P:Gu.Wpf.Media.MediaElementWrapper.IsPlaying" /> dependency property.
            </summary>
            <returns>
            The identifier for the <see cref="P:Gu.Wpf.Media.MediaElementWrapper.IsPlaying" /> dependency property.
            </returns>
        </member>
        <member name="F:Gu.Wpf.Media.MediaElementWrapper.PositionProperty">
            <summary>
            Identifies the <see cref="P:Gu.Wpf.Media.MediaElementWrapper.Position" /> dependency property.
            </summary>
            <returns>
            The identifier for the <see cref="P:Gu.Wpf.Media.MediaElementWrapper.Position" /> dependency property.
            </returns>
        </member>
        <member name="F:Gu.Wpf.Media.MediaElementWrapper.LengthProperty">
            <summary>
            Identifies the <see cref="P:Gu.Wpf.Media.MediaElementWrapper.Length" /> dependency property.
            </summary>
            <returns>
            The identifier for the <see cref="P:Gu.Wpf.Media.MediaElementWrapper.Length" /> dependency property.
            </returns>
        </member>
        <member name="F:Gu.Wpf.Media.MediaElementWrapper.CanPauseProperty">
            <summary>
            Identifies the <see cref="P:Gu.Wpf.Media.MediaElementWrapper.CanPause" /> dependency property.
            </summary>
            <returns>
            The identifier for the <see cref="P:Gu.Wpf.Media.MediaElementWrapper.CanPause" /> dependency property.
            </returns>
        </member>
        <member name="F:Gu.Wpf.Media.MediaElementWrapper.NaturalVideoHeightProperty">
            <summary>
            Identifies the <see cref="P:Gu.Wpf.Media.MediaElementWrapper.NaturalVideoHeight" /> dependency property.
            </summary>
            <returns>
            The identifier for the <see cref="P:Gu.Wpf.Media.MediaElementWrapper.NaturalVideoHeight" /> dependency property.
            </returns>
        </member>
        <member name="F:Gu.Wpf.Media.MediaElementWrapper.NaturalVideoWidthProperty">
            <summary>
            Identifies the <see cref="P:Gu.Wpf.Media.MediaElementWrapper.NaturalVideoWidth" /> dependency property.
            </summary>
            <returns>
            The identifier for the <see cref="P:Gu.Wpf.Media.MediaElementWrapper.NaturalVideoWidth" /> dependency property.
            </returns>
        </member>
        <member name="F:Gu.Wpf.Media.MediaElementWrapper.HasAudioProperty">
            <summary>
            Identifies the <see cref="P:Gu.Wpf.Media.MediaElementWrapper.HasAudio" /> dependency property.
            </summary>
            <returns>
            The identifier for the <see cref="P:Gu.Wpf.Media.MediaElementWrapper.HasAudio" /> dependency property.
            </returns>
        </member>
        <member name="F:Gu.Wpf.Media.MediaElementWrapper.HasVideoProperty">
            <summary>
            Identifies the <see cref="P:Gu.Wpf.Media.MediaElementWrapper.HasVideo" /> dependency property.
            </summary>
            <returns>
            The identifier for the <see cref="P:Gu.Wpf.Media.MediaElementWrapper.HasVideo" /> dependency property.
            </returns>
        </member>
        <member name="F:Gu.Wpf.Media.MediaElementWrapper.HasMediaProperty">
            <summary>
            Identifies the <see cref="P:Gu.Wpf.Media.MediaElementWrapper.HasMedia" /> dependency property.
            </summary>
            <returns>
            The identifier for the <see cref="P:Gu.Wpf.Media.MediaElementWrapper.HasMedia" /> dependency property.
            </returns>
        </member>
        <member name="F:Gu.Wpf.Media.MediaElementWrapper.SpeedRatioProperty">
            <summary>
            Identifies the <see cref="P:Gu.Wpf.Media.MediaElementWrapper.SpeedRatio" /> dependency property.
            </summary>
            <returns>
            The identifier for the <see cref="P:Gu.Wpf.Media.MediaElementWrapper.SpeedRatio" /> dependency property.
            </returns>
        </member>
        <member name="F:Gu.Wpf.Media.MediaElementWrapper.IsBufferingProperty">
            <summary>
            Identifies the <see cref="P:Gu.Wpf.Media.MediaElementWrapper.IsBuffering" /> dependency property.
            </summary>
            <returns>
            The identifier for the <see cref="P:Gu.Wpf.Media.MediaElementWrapper.IsBuffering" /> dependency property.
            </returns>
        </member>
        <member name="F:Gu.Wpf.Media.MediaElementWrapper.DownloadProgressProperty">
            <summary>
            Identifies the <see cref="P:Gu.Wpf.Media.MediaElementWrapper.DownloadProgress" /> dependency property.
            </summary>
            <returns>
            The identifier for the <see cref="P:Gu.Wpf.Media.MediaElementWrapper.DownloadProgress" /> dependency property.
            </returns>
        </member>
        <member name="F:Gu.Wpf.Media.MediaElementWrapper.BufferingProgressProperty">
            <summary>
            Identifies the <see cref="P:Gu.Wpf.Media.MediaElementWrapper.BufferingProgress" /> dependency property.
            </summary>
            <returns>
            The identifier for the <see cref="P:Gu.Wpf.Media.MediaElementWrapper.BufferingProgress" /> dependency property.
            </returns>
        </member>
        <member name="F:Gu.Wpf.Media.MediaElementWrapper.VolumeIncrementProperty">
            <summary>
            Identifies the <see cref="P:Gu.Wpf.Media.MediaElementWrapper.VolumeIncrement" /> dependency property.
            </summary>
            <returns>
            The identifier for the <see cref="P:Gu.Wpf.Media.MediaElementWrapper.VolumeIncrement" /> dependency property.
            </returns>
        </member>
        <member name="F:Gu.Wpf.Media.MediaElementWrapper.SkipIncrementProperty">
            <summary>
            Identifies the <see cref="P:Gu.Wpf.Media.MediaElementWrapper.SkipIncrement" /> dependency property.
            </summary>
            <returns>
            The identifier for the <see cref="P:Gu.Wpf.Media.MediaElementWrapper.SkipIncrement" /> dependency property.
            </returns>
        </member>
        <member name="F:Gu.Wpf.Media.MediaElementWrapper.VideoFormatsProperty">
            <summary>
            Gets or sets a list with video file formats.
            This is a convenience for use in <see cref="T:Microsoft.Win32.OpenFileDialog"/>
            https://support.microsoft.com/en-us/kb/316992
            </summary>
        </member>
        <member name="F:Gu.Wpf.Media.MediaElementWrapper.AudioFormatsProperty">
            <summary>
            Gets or sets a list with audio file formats.
            This is a convenience for use in <see cref="T:Microsoft.Win32.OpenFileDialog"/>
            https://support.microsoft.com/en-us/kb/316992
            </summary>
        </member>
        <member name="F:Gu.Wpf.Media.MediaElementWrapper.LoadedBehaviorProperty">
            <summary>
            The DependencyProperty for the MediaElementWrapper.LoadedBehavior property.
            </summary>
        </member>
        <member name="P:Gu.Wpf.Media.MediaElementWrapper.State">
            <summary>
            Get or sets the current <see cref="T:Gu.Wpf.Media.MediaState"/>.
            </summary>
        </member>
        <member name="P:Gu.Wpf.Media.MediaElementWrapper.IsPlaying">
            <summary>
            Sets <see cref="P:Gu.Wpf.Media.MediaElementWrapper.State"/> to <see cref="F:Gu.Wpf.Media.MediaState.Pause"/> if <see cref="F:Gu.Wpf.Media.MediaState.Play"/> and to <see cref="F:Gu.Wpf.Media.MediaState.Play"/> if <see cref="F:Gu.Wpf.Media.MediaState.Pause"/>
            </summary>
        </member>
        <member name="P:Gu.Wpf.Media.MediaElementWrapper.Position">
            <summary>
            Gets or sets the current position in the media.
            Null if no media.
            </summary>
        </member>
        <member name="P:Gu.Wpf.Media.MediaElementWrapper.Length">
            <summary>
            The length of the current media
            </summary>
        </member>
        <member name="P:Gu.Wpf.Media.MediaElementWrapper.CanPause">
            <summary>
            Returns whether the given media can be paused. This is only valid
            after the MediaOpened event has fired.
            </summary>
        </member>
        <member name="P:Gu.Wpf.Media.MediaElementWrapper.NaturalVideoHeight">
            <summary>
            Returns the natural height of the media in the video. Only valid after
            the MediaOpened event has fired.
            </summary>
        </member>
        <member name="P:Gu.Wpf.Media.MediaElementWrapper.NaturalVideoWidth">
            <summary>
            Returns the natural width of the media in the video. Only valid after
            the MediaOpened event has fired.
            </summary>
        </member>
        <member name="P:Gu.Wpf.Media.MediaElementWrapper.HasAudio">
            <summary>
            Returns whether the given media has audio, null if no media.
            </summary>
        </member>
        <member name="P:Gu.Wpf.Media.MediaElementWrapper.HasVideo">
            <summary>
            Returns whether the given media has video, null if no media.
            </summary>
        </member>
        <member name="P:Gu.Wpf.Media.MediaElementWrapper.HasMedia">
            <summary>
            Returns whether the given media has video.
            </summary>
        </member>
        <member name="P:Gu.Wpf.Media.MediaElementWrapper.SpeedRatio">
            <summary>
            Allows the speed ration of the media to be controlled.
            </summary>
        </member>
        <member name="P:Gu.Wpf.Media.MediaElementWrapper.IsBuffering">
            <summary>
            Returns whether the given media is currently being buffered. This
            applies to network accessed media only.
            </summary>
        </member>
        <member name="P:Gu.Wpf.Media.MediaElementWrapper.DownloadProgress">
            <summary>
            Returns the download progress of the media.
            </summary>
        </member>
        <member name="P:Gu.Wpf.Media.MediaElementWrapper.BufferingProgress">
            <summary>
            Returns the buffering progress of the media.
            </summary>
        </member>
        <member name="P:Gu.Wpf.Media.MediaElementWrapper.VolumeIncrement">
            <summary>
            The increment by which the <see cref="M:Gu.Wpf.Media.MediaElementWrapper.IncreaseVolume(System.Object)"/> and <see cref="M:Gu.Wpf.Media.MediaElementWrapper.DecreaseVolume(System.Object)"/> changes current volume if null is passed in.
            </summary>
        </member>
        <member name="P:Gu.Wpf.Media.MediaElementWrapper.SkipIncrement">
            <summary>
            The increment by which the skip commands changes current position if null is passed in.
            If an integer is passed in the <see cref="P:Gu.Wpf.Media.MediaElementWrapper.SkipIncrement"/> is multiplied by this value.
            </summary>
        </member>
        <member name="P:Gu.Wpf.Media.MediaElementWrapper.VideoFormats">
            <summary>
            A list of video file formats that can be sued when opening files.
            </summary>
        </member>
        <member name="P:Gu.Wpf.Media.MediaElementWrapper.AudioFormats">
            <summary>
            A list of audio file formats that can be sued when opening files.
            </summary>
        </member>
        <member name="P:Gu.Wpf.Media.MediaElementWrapper.LoadedBehavior">
            <summary>
            Specifies the initial state when media is loaded.
            Unlike MediaElement.LoadedBehavior this does not affect controlling playback later.
            </summary>
        </member>
        <member name="F:Gu.Wpf.Media.MediaElementWrapper.SourceProperty">
            <summary>
            Identifies the <see cref="P:Gu.Wpf.Media.MediaElementWrapper.Source" /> dependency property.
            </summary>
            <returns>
            The identifier for the <see cref="P:Gu.Wpf.Media.MediaElementWrapper.Source" /> dependency property.
            </returns>
        </member>
        <member name="F:Gu.Wpf.Media.MediaElementWrapper.VolumeProperty">
            <summary>
            Identifies the <see cref="P:MediaElementWrapper.Volume" /> dependency property.
            </summary>
            <returns>
            The identifier for the <see cref="P:Gu.Wpf.Media.MediaElementWrapper.Volume" /> dependency property.
            </returns>
        </member>
        <member name="F:Gu.Wpf.Media.MediaElementWrapper.BalanceProperty">
            <summary>
            Identifies the <see cref="P:Gu.Wpf.Media.MediaElementWrapper.Balance" /> dependency property.
            </summary>
            <returns>
            The identifier for the <see cref="P:Gu.Wpf.Media.MediaElementWrapper.Balance" /> dependency property.
            </returns>
        </member>
        <member name="F:Gu.Wpf.Media.MediaElementWrapper.IsMutedProperty">
            <summary>
            Identifies the <see cref="P:Gu.Wpf.Media.MediaElementWrapper.IsMuted" /> dependency property.
            </summary>
            <returns>
            The identifier for the <see cref="P:Gu.Wpf.Media.MediaElementWrapper.IsMuted" /> dependency property.
            </returns>
        </member>
        <member name="F:Gu.Wpf.Media.MediaElementWrapper.ScrubbingEnabledProperty">
            <summary>
            Identifies the <see cref="P:Gu.Wpf.Media.MediaElementWrapper.ScrubbingEnabled" /> dependency property.
            </summary>
            <returns>
            The identifier for the <see cref="P:Gu.Wpf.Media.MediaElementWrapper.ScrubbingEnabled" /> dependency property.
            </returns>
        </member>
        <member name="F:Gu.Wpf.Media.MediaElementWrapper.StretchProperty">
            <summary>
            DependencyProperty for Stretch property.
            </summary>
            <seealso cref="P:System.Windows.Controls.MediaElement.Stretch" />
            This property is cached and grouped (AspectRatioGroup)
        </member>
        <member name="F:Gu.Wpf.Media.MediaElementWrapper.StretchDirectionProperty">
            <summary>
            DependencyProperty for StretchDirection property.
            </summary>
            <seealso cref="P:System.Windows.Controls.Viewbox.Stretch" />
        </member>
        <member name="P:Gu.Wpf.Media.MediaElementWrapper.Source">
            <summary>
            Gets or sets a media source on the <see cref="T:Gu.Wpf.Media.MediaElementWrapper" />.
            </summary>
            <returns>
            The URI that specifies the source of the element. The default is null.
            </returns>
        </member>
        <member name="P:Gu.Wpf.Media.MediaElementWrapper.Volume">
            <summary>
            Gets or sets the media's volume.
            </summary>
            <returns>
            The media's volume represented on a linear scale between 0 and 1. The default is 0.5.
            </returns>
        </member>
        <member name="P:Gu.Wpf.Media.MediaElementWrapper.Balance">
            <summary>
            Gets or sets a ratio of volume across speakers.
            </summary>
            <returns>
            The ratio of volume across speakers in the range between -1 and 1. The default is 0.
            </returns>
        </member>
        <member name="P:Gu.Wpf.Media.MediaElementWrapper.IsMuted">
            <summary>
            Gets or sets a value indicating whether the audio is muted.
            </summary>
            <returns>
            true if audio is muted; otherwise, false. The default is false.
            </returns>
        </member>
        <member name="P:Gu.Wpf.Media.MediaElementWrapper.ScrubbingEnabled">
            <summary>
            Gets or sets a value that indicates whether the <see cref="T:Gu.Wpf.Media.MediaElementWrapper" /> will update frames for seek operations while paused.
            </summary>
            <returns>
            true if frames are updated while paused; otherwise, false. The default is false.
            </returns>
        </member>
        <member name="P:Gu.Wpf.Media.MediaElementWrapper.Stretch">
            <summary>
            Gets/Sets the Stretch on this MediaElement.
            The Stretch property determines how large the MediaElement will be drawn.
            </summary>
            <seealso cref="F:System.Windows.Controls.MediaElement.StretchProperty" />
        </member>
        <member name="P:Gu.Wpf.Media.MediaElementWrapper.StretchDirection">
            <summary>
            Gets/Sets the stretch direction of the Viewbox, which determines the restrictions on
            scaling that are applied to the content inside the Viewbox.  For instance, this property
            can be used to prevent the content from being smaller than its native size or larger than
            its native size.
            </summary>
            <seealso cref="F:System.Windows.Controls.Viewbox.StretchDirectionProperty" />
        </member>
        <member name="F:Gu.Wpf.Media.MediaElementWrapper.MediaFailedEvent">
            <summary>
            MediaFailedEvent is a routed event.
            </summary>
        </member>
        <member name="E:Gu.Wpf.Media.MediaElementWrapper.MediaFailed">
            <summary>
            Raised when there is a failure in media.
            </summary>
        </member>
        <member name="F:Gu.Wpf.Media.MediaElementWrapper.MediaOpenedEvent">
            <summary>
            MediaOpened is a routed event.
            </summary>
        </member>
        <member name="E:Gu.Wpf.Media.MediaElementWrapper.MediaOpened">
            <summary>
            Raised when the media is opened
            </summary>
        </member>
        <member name="F:Gu.Wpf.Media.MediaElementWrapper.BufferingStartedEvent">
            <summary>
            BufferingStarted is a routed event.
            </summary>
        </member>
        <member name="E:Gu.Wpf.Media.MediaElementWrapper.BufferingStarted">
            <summary>
            Raised when buffering starts on the corresponding media.
            </summary>
        </member>
        <member name="F:Gu.Wpf.Media.MediaElementWrapper.BufferingEndedEvent">
            <summary>
            BufferingEnded is a routed event.
            </summary>
        </member>
        <member name="E:Gu.Wpf.Media.MediaElementWrapper.BufferingEnded">
            <summary>
            Raised when buffering ends on the corresponding media.
            </summary>
        </member>
        <member name="F:Gu.Wpf.Media.MediaElementWrapper.ScriptCommandEvent">
            <summary>
            ScriptCommand is a routed event.
            </summary>
        </member>
        <member name="E:Gu.Wpf.Media.MediaElementWrapper.ScriptCommand">
            <summary>
            Raised when a script command in the media is encountered during playback.
            </summary>
        </member>
        <member name="F:Gu.Wpf.Media.MediaElementWrapper.MediaEndedEvent">
            <summary>
            MediaEnded is a routed event
            </summary>
        </member>
        <member name="E:Gu.Wpf.Media.MediaElementWrapper.MediaEnded">
            <summary>
            Raised when the corresponding media ends.
            </summary>
        </member>
        <member name="T:Gu.Wpf.Media.MediaState">
            <summary>
            States that can be applied to the <see cref="T:Gu.Wpf.Media.MediaElementWrapper"/>
            </summary>
        </member>
        <member name="F:Gu.Wpf.Media.MediaState.Play">
            <summary>
            The media element should play.
            </summary>
        </member>
        <member name="F:Gu.Wpf.Media.MediaState.Pause">
            <summary>
            The media element should pause.
            </summary>
        </member>
        <member name="F:Gu.Wpf.Media.MediaState.Stop">
            <summary>
            The media element should stop.
            </summary>
        </member>
        <member name="T:Gu.Wpf.Media.MouseWheelDirectionExt">
            <summary>
            Helper methods for <see cref="T:Gu.Wpf.Media.MouseWheelDirection"/>
            </summary>
        </member>
        <member name="M:Gu.Wpf.Media.MouseWheelDirectionExt.IsDefined(Gu.Wpf.Media.MouseWheelDirection)">
            <summary>
            Get if <paramref name="direction"/> si a valid value.
            </summary>
            <param name="direction"><see cref="T:Gu.Wpf.Media.MouseWheelDirection"/></param>
            <returns>True if <paramref name="direction"/> is valid</returns>
        </member>
        <member name="M:Gu.Wpf.Media.MouseWheelDirectionExt.ToName(Gu.Wpf.Media.MouseWheelDirection)">
            <summary>
            Get the string representation of <paramref name="direction"/>
            </summary>
            <param name="direction"><see cref="T:Gu.Wpf.Media.MouseWheelDirection"/></param>
            <returns>The string representation.</returns>
        </member>
        <member name="T:Gu.Wpf.Media.MouseWheelGestureValueSerializer">
            <summary>
            MouseWheelGesture - Converter class for converting between a string and the Type of a MouseWheelGesture
            </summary>
        </member>
        <member name="M:Gu.Wpf.Media.MouseWheelGestureValueSerializer.CanConvertFromString(System.String,System.Windows.Markup.IValueSerializerContext)">
            <inheritdoc />
        </member>
        <member name="M:Gu.Wpf.Media.MouseWheelGestureValueSerializer.CanConvertToString(System.Object,System.Windows.Markup.IValueSerializerContext)">
            <inheritdoc />
        </member>
        <member name="M:Gu.Wpf.Media.MouseWheelGestureValueSerializer.ConvertFromString(System.String,System.Windows.Markup.IValueSerializerContext)">
            <inheritdoc />
        </member>
        <member name="M:Gu.Wpf.Media.MouseWheelGestureValueSerializer.ConvertToString(System.Object,System.Windows.Markup.IValueSerializerContext)">
            <inheritdoc />
        </member>
        <member name="T:Gu.Wpf.Media.MouseWheelGestureConverter">
            <inheritdoc />
        </member>
        <member name="M:Gu.Wpf.Media.MouseWheelGestureConverter.CanConvertFrom(System.ComponentModel.ITypeDescriptorContext,System.Type)">
            <inheritdoc />
        </member>
        <member name="M:Gu.Wpf.Media.MouseWheelGestureConverter.ConvertFrom(System.ComponentModel.ITypeDescriptorContext,System.Globalization.CultureInfo,System.Object)">
            <inheritdoc />
        </member>
        <member name="M:Gu.Wpf.Media.MouseWheelGestureConverter.CanConvertTo(System.ComponentModel.ITypeDescriptorContext,System.Type)">
            <inheritdoc />
        </member>
        <member name="M:Gu.Wpf.Media.MouseWheelGestureConverter.ConvertTo(System.ComponentModel.ITypeDescriptorContext,System.Globalization.CultureInfo,System.Object,System.Type)">
            <inheritdoc />
        </member>
        <member name="T:Gu.Wpf.Media.MouseWheelGesture">
            <inheritdoc />
        </member>
        <member name="M:Gu.Wpf.Media.MouseWheelGesture.#ctor">
            <summary>
            Initializes a new instance of the <see cref="T:Gu.Wpf.Media.MouseWheelGesture"/> class.
            </summary>
        </member>
        <member name="M:Gu.Wpf.Media.MouseWheelGesture.#ctor(Gu.Wpf.Media.MouseWheelDirection)">
            <summary>
            Initializes a new instance of the <see cref="T:Gu.Wpf.Media.MouseWheelGesture"/> class.
            </summary>
            <param name="direction">The <see cref="T:Gu.Wpf.Media.MouseWheelDirection"/></param>
        </member>
        <member name="M:Gu.Wpf.Media.MouseWheelGesture.#ctor(Gu.Wpf.Media.MouseWheelDirection,System.Windows.Input.ModifierKeys)">
            <summary>
            Initializes a new instance of the <see cref="T:Gu.Wpf.Media.MouseWheelGesture"/> class.
            </summary>
            <param name="direction">The <see cref="T:Gu.Wpf.Media.MouseWheelDirection"/></param>
            <param name="modifiers">Modifiers</param>
        </member>
        <member name="P:Gu.Wpf.Media.MouseWheelGesture.MouseAction">
            <summary>
            Hiding <see cref="P:System.Windows.Input.MouseGesture.MouseAction"/> here.
            </summary>
        </member>
        <member name="P:Gu.Wpf.Media.MouseWheelGesture.Direction">
            <summary>
            Direction <see cref="T:Gu.Wpf.Media.MouseWheelDirection"/>
            </summary>
        </member>
        <member name="M:Gu.Wpf.Media.MouseWheelGesture.Matches(System.Object,System.Windows.Input.InputEventArgs)">
            <inheritdoc />
        </member>
        <member name="T:Gu.Wpf.Media.MouseWheelDirection">
            <summary>
            A set of possible states for <see cref="T:Gu.Wpf.Media.MouseWheelGesture"/>
            </summary>
        </member>
        <member name="F:Gu.Wpf.Media.MouseWheelDirection.None">
            <summary>
            This corresponds to zero <see cref="P:System.Windows.Input.MouseWheelEventArgs.Delta"/>
            </summary>
        </member>
        <member name="F:Gu.Wpf.Media.MouseWheelDirection.Up">
            <summary>
            User scrolled content up.
            This corresponds to positive <see cref="P:System.Windows.Input.MouseWheelEventArgs.Delta"/>
            </summary>
        </member>
        <member name="F:Gu.Wpf.Media.MouseWheelDirection.Down">
            <summary>
            User scrolled content down.
            This corresponds to negative <see cref="P:System.Windows.Input.MouseWheelEventArgs.Delta"/>
            </summary>
        </member>
        <member name="T:Gu.Wpf.Media.MouseWheelExtension">
            <inheritdoc />
        </member>
        <member name="M:Gu.Wpf.Media.MouseWheelExtension.#ctor(Gu.Wpf.Media.MouseWheelDirection)">
            <summary>
            Initializes a new instance of the <see cref="T:Gu.Wpf.Media.MouseWheelExtension"/> class.
            </summary>
            <param name="direction"><see cref="T:Gu.Wpf.Media.MouseWheelDirection"/></param>
        </member>
        <member name="M:Gu.Wpf.Media.MouseWheelExtension.#ctor(System.Windows.Input.ModifierKeys,Gu.Wpf.Media.MouseWheelDirection)">
            <summary>
            Initializes a new instance of the <see cref="T:Gu.Wpf.Media.MouseWheelExtension"/> class.
            </summary>
            <param name="direction"><see cref="T:Gu.Wpf.Media.MouseWheelDirection"/></param>
            <param name="modifiers"><see cref="T:System.Windows.Input.ModifierKeys"/></param>
        </member>
        <member name="M:Gu.Wpf.Media.MouseWheelExtension.#ctor(Gu.Wpf.Media.MouseWheelGesture)">
            <summary>
            Initializes a new instance of the <see cref="T:Gu.Wpf.Media.MouseWheelExtension"/> class.
            </summary>
            <param name="gesture"><see cref="T:Gu.Wpf.Media.MouseWheelGesture"/></param>
        </member>
        <member name="P:Gu.Wpf.Media.MouseWheelExtension.Gesture">
            <summary>
            The gesture se <see cref="T:Gu.Wpf.Media.MouseWheelGesture"/>
            </summary>
        </member>
        <member name="P:Gu.Wpf.Media.MouseWheelExtension.Direction">
            <summary>
            Direction <see cref="T:Gu.Wpf.Media.MouseWheelDirection"/>
            </summary>
        </member>
        <member name="P:Gu.Wpf.Media.MouseWheelExtension.Modifiers">
            <summary>
            Modifiers <see cref="T:System.Windows.Input.ModifierKeys"/>
            </summary>
        </member>
        <member name="M:Gu.Wpf.Media.MouseWheelExtension.ProvideValue(System.IServiceProvider)">
            <inheritdoc />
        </member>
        <member name="T:Gu.Wpf.Media.Brushes">
            <summary>
            A set of resource keys for brushes.
            </summary>
        </member>
        <member name="T:Gu.Wpf.Media.Geometries">
            <summary>
            A set of resource keys for geometries.
            </summary>
        </member>
        <member name="T:Gu.Wpf.Media.Styles">
            <summary>
            A set of resource keys for styles.
            </summary>
        </member>
        <member name="T:Gu.Wpf.Media.NullableTimeSpanToSecondsConverter">
            <inheritdoc/>
        </member>
        <member name="F:Gu.Wpf.Media.NullableTimeSpanToSecondsConverter.Default">
            <summary>
            The default instance used like Converter="{x:Static NullableTimeSpanToSecondsConverter.Default}"
            </summary>
        </member>
        <member name="P:Gu.Wpf.Media.NullableTimeSpanToSecondsConverter.WhenNull">
            <summary>
            The converted value to return when the value is null.
            </summary>
        </member>
        <member name="M:Gu.Wpf.Media.NullableTimeSpanToSecondsConverter.ProvideValue(System.IServiceProvider)">
            <inheritdoc/>
        </member>
        <member name="M:Gu.Wpf.Media.NullableTimeSpanToSecondsConverter.Convert(System.Object,System.Type,System.Object,System.Globalization.CultureInfo)">
            <inheritdoc/>
        </member>
        <member name="M:Gu.Wpf.Media.NullableTimeSpanToSecondsConverter.ConvertBack(System.Object,System.Type,System.Object,System.Globalization.CultureInfo)">
            <inheritdoc/>
        </member>
    </members>
</doc>
